Pack_Price,Unit_Price,Weight_Kilograms_Clean,Line_Item_Quantity,Fulfill_Via,Shipment_Mode,Country,Brand,Sub_Classification,First_Line_Designation,Freight_Cost_USD_Clean
5.78,0.19,4959.0,47227,0,0,0,0,0,0,9973.51
17.0,0.57,33.0,535,0,1,1,1,0,0,755.5
5.54,0.18,2566.0,1161,0,2,2,0,0,0,16532.5
3.75,0.06,825.0,14789,0,0,3,0,1,0,5137.06
20.0,0.8,206.0,659,1,1,4,1,2,0,2656.12
5.56,0.09,8491.0,81270,0,0,5,0,0,0,10605.03
19.92,0.66,277.0,2389,0,2,2,0,0,0,18495.9
4.15,0.07,78.0,1152,0,1,6,0,1,0,1342.44
8.23,0.27,5154.0,10114,0,0,7,0,0,1,12956.94
8.36,0.14,2275.0,25000,1,3,8,0,0,0,3073.74
2.02,0.01,512.0,1177,0,1,5,0,1,0,3415.72
9.62,0.16,6889.0,9577,0,0,4,0,0,0,24138.35
3.09,0.05,550.0,9300,1,1,9,0,0,0,3054.13
3.6,0.06,2205.0,36000,1,1,3,0,1,0,9815.52
2.1,0.01,1596.0,4000,0,1,10,0,1,0,16840.67
9.1,1.0,205.0,418,1,1,6,2,2,0,6455.37
3.55,0.12,953.0,8000,1,1,11,0,0,1,1593.67
50.0,0.28,9.0,36,1,1,12,1,0,0,286.0
2.37,0.04,6196.0,19177,1,3,8,0,0,1,1220.84
32.0,0.16,191.0,35,1,1,6,3,2,0,2796.58
3.15,0.01,3732.0,9630,1,1,8,0,1,0,4876.34
9.1,0.16,679.0,603,1,1,4,1,2,0,9698.22
2.1,0.01,5752.0,2867,0,1,4,0,1,0,18607.76
31.0,0.16,678.0,2400,1,1,4,1,2,0,9253.44
16.96,0.09,132.0,230,0,2,10,1,1,0,8329.13
9.71,0.11,103.0,811,0,0,7,0,1,0,1224.02
3.57,0.12,1751.0,20370,1,1,9,0,0,0,13244.8
7.11,0.24,8709.0,107175,0,0,0,0,0,0,7317.47
9.1,0.89,1058.0,2352,1,1,2,2,2,0,21683.23
32.0,0.16,880.0,3000,1,1,0,3,2,0,7616.19
2.1,0.01,1120.0,3200,0,1,0,0,1,0,8185.2
8.76,0.15,1787.0,31000,0,1,1,0,0,0,10073.76
2.1,0.01,1122.0,2907,0,0,4,0,1,0,5520.83
7.3,0.12,3458.0,66793,1,3,8,0,0,0,3787.72
8.38,0.14,23.0,400,1,1,11,0,0,0,2149.05
9.1,0.78,1306.0,7587,1,1,5,2,2,0,26532.85
24.5,0.16,240.0,350,1,1,10,1,2,0,3126.61
7.2,0.12,1237.0,138325,0,1,5,0,0,1,9161.95
36.16,0.3,36.0,60,1,1,12,1,0,0,814.04
32.0,0.16,515.0,1500,1,1,6,3,2,0,8576.8
29.0,0.16,15.0,44,1,1,1,1,2,0,218.75
20.0,0.8,25.0,70,1,1,6,1,2,0,648.95
9.1,0.86,18.0,98,1,1,12,1,0,0,968.25
32.0,0.16,2783.0,9500,1,1,0,3,2,0,20621.1
6.6,0.11,1237.0,132000,0,0,0,0,0,0,22520.71
2.54,0.04,71.0,1247,1,1,11,0,0,0,4035.45
4.62,0.15,1906.0,18447,0,0,0,0,0,0,2201.74
23.26,0.78,38.0,300,1,1,11,1,0,0,1779.09
2.57,0.04,1237.0,303125,1,1,8,0,0,0,20134.62
9.1,1.17,219.0,995,0,1,4,1,0,0,1392.0
12.5,0.05,557.0,1489,0,1,9,0,1,0,5044.26
2.1,0.01,100.0,156,0,0,4,0,1,0,396.32
2.16,0.04,117.0,2131,0,1,12,0,0,0,2005.48
23.0,0.16,197.0,260,1,1,10,1,2,0,2708.04
7.0,0.12,6041.0,67271,0,0,0,0,0,0,10651.44
2.44,0.04,1237.0,18867,0,0,0,0,0,0,7317.47
4.8,0.08,3998.0,19760,1,1,11,0,0,0,12974.12
9.1,0.72,69.0,300,1,1,6,2,2,0,1398.6
2.95,0.05,7095.0,7150,0,0,7,0,0,1,5530.11
11.22,0.19,1237.0,141764,0,2,2,0,0,0,43548.0
3.5,0.12,4792.0,56352,1,1,10,0,0,0,30046.84
8.26,0.14,1237.0,39600,0,0,5,0,0,0,15814.01
32.0,0.16,1131.0,3400,1,1,9,3,2,0,22370.64
12.42,0.41,1636.0,18451,0,1,3,0,0,0,6195.24
5.0,0.05,186.0,153,1,1,6,0,3,1,5346.38
1.95,0.01,736.0,2000,0,0,4,0,1,0,4747.87
30.82,0.1,5060.0,5362,1,1,7,1,1,0,44952.61
6.38,0.21,1283.0,4917,0,1,6,0,0,0,12862.56
2.66,0.04,1456.0,26400,0,1,10,0,0,0,25493.03
7.71,0.13,665.0,5625,1,1,7,0,1,0,7549.41
20.5,0.82,437.0,1400,1,1,4,1,2,0,5924.89
3.3,0.11,2210.0,25741,1,1,3,0,0,0,9452.02
9.1,0.16,1101.0,1000,1,1,4,1,2,0,8074.03
10.0,0.33,4161.0,50040,0,2,2,0,0,0,11637.64
9.1,0.8,600.0,1250,1,1,3,2,2,0,14398.69
36.16,0.3,4794.0,7600,1,1,4,1,0,1,28238.31
12.12,0.13,1857.0,735,0,1,10,0,1,1,11091.78
2.87,0.05,1237.0,172428,1,3,8,0,0,0,17278.96
9.1,0.89,1241.0,3055,1,1,2,2,2,0,13325.59
9.6,0.32,1237.0,290000,0,2,2,0,0,0,69097.98
9.1,0.15,719.0,7840,1,1,9,0,0,0,853.88
11.75,0.39,54.0,666,0,1,4,0,0,0,1713.01
27.6,0.92,47.0,428,1,1,6,1,2,0,732.47
20.5,0.82,831.0,2400,1,1,4,1,2,0,9254.06
2.33,0.04,955.0,20000,0,1,1,0,0,0,6154.8
6.2,0.03,3785.0,10624,0,1,0,0,1,0,13116.0
3.95,0.07,2484.0,60000,0,0,0,0,1,0,3613.05
32.0,0.16,170.0,500,1,1,6,3,2,0,2865.63
2.58,0.04,1237.0,160786,0,2,2,0,0,1,43548.0
9.1,0.8,1357.0,7888,1,1,6,2,2,0,12965.93
3.33,0.11,1237.0,39936,0,1,10,0,0,0,161712.87
32.0,0.16,1896.0,5920,1,1,0,3,2,0,25136.39
10.25,0.17,909.0,2230,0,1,4,0,0,0,2804.0
26.25,0.88,1309.0,15000,0,1,2,1,0,0,7463.74
9.1,0.89,36.0,77,1,1,6,2,2,0,1712.6
4.7,0.16,1237.0,138974,0,0,7,0,0,0,14451.68
7.4,0.12,1000.0,10420,1,1,11,0,0,0,7526.06
3.91,0.13,5641.0,66160,0,0,12,0,0,0,2175.07
9.1,0.16,17.0,30,1,1,12,1,2,0,660.77
12.3,0.41,1237.0,100619,0,0,0,0,0,0,30981.39
24.5,0.16,434.0,600,1,1,10,1,2,0,4209.61
33.1,0.03,500.0,580,1,1,6,0,4,0,3958.28
2.44,0.04,1237.0,99999,0,2,2,0,0,0,21347.12
10.29,0.17,7095.0,11574,0,0,7,0,0,1,5530.11
3.3,0.11,5578.0,64980,1,1,3,0,0,0,18826.62
2.12,0.01,1472.0,3971,1,3,8,0,1,0,3524.95
2.42,0.04,775.0,3167,0,0,5,0,0,0,3855.94
9.28,0.04,7664.0,20000,1,3,8,1,1,0,17022.13
6.66,0.11,976.0,9024,0,1,4,0,0,0,12369.8
9.1,0.73,5.0,27,1,1,12,1,0,0,41.0
9.1,0.89,3800.0,9363,1,1,2,2,2,0,58592.54
9.1,0.89,1221.0,3023,1,1,2,2,2,0,19891.2
6.91,0.23,338.0,3619,1,3,8,0,0,0,6147.09
27.0,1.35,706.0,2483,1,1,4,1,2,0,6150.75
2.0,0.07,9.0,252,1,1,12,0,1,0,1026.15
7.82,0.26,3549.0,51920,1,1,8,0,0,0,3646.13
1.41,0.02,317.0,5670,0,1,4,0,0,0,12648.36
2.9,0.05,5437.0,85111,1,1,8,0,0,0,9205.05
7.4,0.12,1420.0,14052,0,1,0,0,0,0,5780.2
32.0,0.16,468.0,1371,1,1,6,3,2,0,5733.61
24.5,0.16,1992.0,2988,1,1,9,1,2,0,26266.34
7.11,0.24,5252.0,53000,0,2,2,0,0,0,21347.13
13.27,0.44,3943.0,20000,0,2,6,0,0,0,67732.55
32.0,0.16,807.0,2334,1,1,6,3,2,0,6558.08
11.22,0.19,7050.0,54125,0,2,2,0,0,0,6147.18
9.1,0.89,180.0,378,1,1,6,2,2,0,4529.86
13.5,0.22,167.0,1450,0,1,12,0,0,0,1472.77
20.0,0.67,293.0,2100,1,1,4,0,0,0,3169.34
9.1,0.89,1248.0,3073,1,1,2,2,2,0,20602.3
2.15,0.01,1215.0,3286,0,1,1,0,1,0,8586.0
6.9,0.12,2165.0,24480,1,1,11,0,0,0,4443.97
8.94,0.15,6.0,100,1,1,11,0,0,0,2794.34
11.22,0.19,224.0,1700,0,2,2,0,0,0,6147.18
8.26,0.14,5199.0,32168,0,1,6,0,0,0,585.0
2.76,0.05,959.0,15120,0,0,4,0,1,0,4424.91
2.44,0.04,2538.0,3519,0,1,12,0,0,0,6298.34
1.45,0.01,1855.0,5233,0,0,9,0,1,0,6638.3
2.24,0.07,106.0,1764,1,1,10,0,1,0,1615.07
12.01,0.4,2094.0,24320,0,1,6,0,0,0,4528.5
32.0,0.16,1386.0,4250,1,1,3,3,2,0,13215.15
7.82,0.26,3728.0,54247,1,1,8,0,0,0,3646.13
1.85,0.01,437.0,464,1,1,11,0,1,0,1222.31
17.0,0.57,256.0,4000,0,1,9,1,0,0,12205.4
3.19,0.11,6953.0,111348,1,1,12,0,0,0,30711.92
6.47,0.22,3247.0,48000,1,3,8,0,0,0,7180.16
20.0,0.8,1368.0,307,0,0,7,1,2,0,5663.0
2.9,0.05,1587.0,2844,0,1,12,0,0,0,11206.84
9.1,0.55,35.0,173,1,1,12,1,0,0,251.52
7.0,0.12,338.0,1515,1,1,4,1,1,0,2864.63
2.24,0.07,83.0,1428,0,1,10,0,1,0,7789.85
30.82,0.1,170.0,150,1,1,12,1,1,0,2265.89
3.33,0.11,342.0,5568,0,1,6,0,0,0,3325.77
9.1,0.8,829.0,1832,1,1,5,2,2,0,8680.27
13.67,0.46,561.0,4560,1,1,9,0,0,0,5610.17
9.04,0.15,44.0,300,1,1,10,0,1,0,1075.54
8.0,0.08,2.0,2,1,1,6,2,3,0,885.49
11.35,0.19,3941.0,31000,0,1,12,0,0,0,42656.07
4.04,0.13,116.0,1773,0,0,3,0,0,0,2035.84
9.25,0.15,185.0,2016,1,1,11,0,0,0,5551.97
7.0,0.12,52.0,240,1,1,11,1,1,0,1516.05
21.5,0.09,124.0,350,0,1,0,0,1,0,874.57
0.0,0.0,1088.0,3119,0,1,4,0,1,0,2951.94
15.26,0.17,3337.0,1680,0,1,4,0,1,0,9936.96
3.19,0.11,3862.0,60000,1,1,6,0,0,0,25512.84
1.51,0.01,3790.0,9690,1,1,9,0,1,0,66260.33
3.4,0.06,5725.0,60440,0,1,0,0,0,0,15671.53
3.75,0.12,55.0,672,1,1,9,0,0,0,1276.53
2.26,0.04,1733.0,19683,0,2,6,0,0,0,20893.21
9.1,1.05,18.0,98,1,1,12,1,0,0,586.16
7.2,0.12,250.0,3374,0,1,12,0,0,0,2331.03
9.1,0.72,1409.0,2898,1,1,0,2,2,0,21714.68
5.43,0.09,632.0,11500,1,1,3,0,0,0,4168.19
9.1,0.8,539.0,1133,1,1,5,2,2,0,10925.46
19.71,0.16,298.0,1031,0,1,6,0,0,0,4353.04
3.91,0.13,2501.0,20000,0,1,12,0,0,0,18520.22
23.0,0.16,718.0,990,1,1,1,1,2,0,6161.42
1.85,0.01,103.0,284,0,1,6,0,1,0,1783.38
2.4,0.04,755.0,15960,1,1,11,0,0,0,6609.02
9.45,0.16,239.0,1350,0,1,12,0,0,0,1277.22
9.1,0.8,186.0,431,1,1,6,2,2,0,5346.38
26.09,0.43,25.0,240,1,1,12,0,1,0,915.09
8.58,0.14,7482.0,38976,0,0,5,0,0,0,5846.08
10.5,0.18,356.0,1700,1,1,11,0,1,0,14982.1
9.1,0.89,1186.0,2744,1,1,2,2,2,0,24927.19
9.1,0.89,1022.0,2128,1,1,2,2,2,0,23826.25
7.3,0.08,462.0,7800,0,0,4,0,1,0,3033.26
4.53,0.15,5491.0,63967,1,3,8,0,0,0,15331.49
9.1,0.8,1330.0,2939,1,1,5,2,2,0,13801.89
2.51,0.04,5199.0,45084,0,1,6,0,0,1,585.0
32.0,0.16,2052.0,6040,1,1,0,3,2,0,24689.0
2.44,0.04,640.0,4400,0,1,4,0,0,0,5678.7
9.0,0.15,1716.0,21080,1,1,9,0,0,0,17074.8
9.1,0.8,1462.0,8500,1,1,6,2,2,0,14419.86
30.82,0.1,336.0,340,1,1,4,1,1,0,3899.33
9.1,0.8,550.0,3199,1,1,2,2,2,0,8213.59
4.7,0.16,160.0,1920,0,1,6,0,0,0,1527.29
2.9,0.05,442.0,6050,0,1,4,0,0,0,5028.04
4.3,0.07,218.0,2027,0,1,2,0,1,0,1941.82
32.0,0.16,1072.0,3750,1,1,2,3,2,0,16036.98
4.8,0.08,5359.0,5200,1,1,11,0,0,1,18473.57
1.99,0.03,2383.0,48127,1,1,7,0,1,0,18232.17
3.95,0.07,952.0,23000,0,0,7,0,1,0,1521.08
2.1,0.01,2253.0,6036,0,1,12,0,1,0,15923.41
11.23,0.19,1237.0,3386,0,0,5,0,0,0,4768.06
3.95,0.07,1119.0,19996,0,0,7,0,1,0,1417.12
7.72,0.13,2085.0,10000,0,0,0,0,1,0,3379.64
1.25,0.04,143.0,2303,1,1,10,0,1,0,2251.42
3.4,0.06,2764.0,50000,0,0,0,0,0,0,2938.92
3.0,0.01,3206.0,8474,1,1,8,0,1,0,2154.51
1.92,0.01,344.0,965,0,1,4,0,1,0,1729.0
2.33,0.04,4271.0,96018,0,0,3,0,0,0,3825.8
32.0,0.16,2695.0,4926,0,1,6,3,2,0,11898.8
9.1,0.68,83.0,560,1,1,11,1,0,0,436.86
9.1,0.8,2439.0,6000,1,1,0,2,2,0,30885.26
4.65,0.16,1764.0,18000,1,2,7,0,0,0,13959.22
7.78,0.13,27.0,336,0,1,4,0,0,0,1845.31
38.36,0.11,630.0,360,0,1,4,1,0,0,3660.4
3.0,0.01,4386.0,11640,1,1,8,0,1,0,12917.3
27.6,0.92,145.0,1249,1,1,6,1,2,0,1682.15
4.75,0.16,662.0,7500,0,2,2,0,0,0,9736.1
11.22,0.19,5961.0,45000,0,1,6,0,0,0,20144.99
11.22,0.19,1237.0,117367,0,0,12,0,0,0,104604.06
3.4,0.06,1667.0,17843,0,1,10,0,0,0,19069.17
2.43,0.04,1237.0,515000,1,3,8,0,0,0,31656.61
23.0,0.16,4913.0,6998,1,1,1,1,2,0,46117.09
30.82,0.1,1374.0,1500,1,1,0,1,1,0,10365.13
8.13,0.14,4609.0,36426,1,1,3,0,0,0,17581.92
8.26,0.14,8057.0,15117,0,0,12,0,0,0,10734.13
10.62,0.35,9020.0,4000,0,0,7,0,0,0,14958.2
4.12,0.14,6073.0,91166,0,2,2,0,0,0,25231.96
1.92,0.01,1857.0,4704,0,1,10,0,1,1,11091.78
12.42,0.41,2425.0,1860,0,1,7,0,0,0,13356.65
4.12,0.14,70.0,1150,0,0,12,0,0,0,1494.6
7.72,0.13,1237.0,320300,0,2,2,0,0,0,194623.44
7.53,0.13,553.0,10076,0,2,2,0,0,0,9736.1
5.54,0.18,4547.0,60000,0,1,12,0,0,0,30482.8
11.15,0.37,1745.0,15500,1,1,11,0,0,0,3977.24
2.12,0.01,3061.0,8500,1,3,8,0,1,0,3530.94
9.1,1.39,50.0,75,0,1,10,1,2,0,791.84
1.92,0.01,170.0,475,0,1,4,0,1,0,1301.0
50.0,0.28,994.0,4402,0,1,4,1,0,0,3501.0
9.1,1.0,2314.0,5698,1,1,10,2,2,0,22194.09
26.09,0.43,112.0,1065,1,1,3,0,1,0,1122.07
11.8,0.2,6036.0,13100,0,1,5,0,0,0,3671.92
3.2,0.05,28.0,288,0,0,9,0,0,0,896.26
4.3,0.14,7556.0,96224,1,3,8,0,0,0,9582.53
2.58,0.04,30.0,534,0,0,12,0,0,0,2030.0
3.75,0.06,1237.0,290000,0,0,7,0,1,0,18090.64
1.72,0.03,8385.0,960,1,3,10,0,0,0,12336.45
8.5,0.04,1514.0,4192,1,1,9,0,1,0,6072.8
7.82,0.26,5663.0,83238,1,1,8,0,0,0,5298.02
7.03,0.23,4007.0,58423,1,3,8,0,0,0,6639.33
3.12,0.1,6431.0,108856,0,0,0,0,0,0,43219.06
8.11,0.14,1237.0,40000,0,0,6,0,0,0,15571.48
12.01,0.4,239.0,1300,0,1,12,0,0,1,1277.22
8.76,0.15,67.0,685,0,1,12,0,0,0,1122.87
32.0,0.16,1907.0,5500,1,1,0,3,2,0,17975.84
30.82,0.1,2583.0,2625,1,1,7,1,1,0,20559.39
11.22,0.19,3570.0,28868,0,2,2,0,0,0,6147.18
10.25,0.34,1255.0,2361,0,0,12,0,0,0,4438.0
25.0,0.16,6.0,10,1,1,6,1,3,0,402.42
7.0,0.12,23.0,240,0,1,12,0,0,0,1173.1
1.95,0.01,1237.0,26807,0,0,5,0,1,0,14700.0
32.0,0.16,2.0,5,1,1,6,3,2,0,12561.4
10.52,0.35,6107.0,46600,0,0,4,0,0,0,23753.64
9.81,0.16,637.0,4879,0,0,12,0,0,0,5081.05
12.96,0.43,7722.0,59615,0,2,2,0,0,0,14547.55
35.8,0.6,95.0,957,0,1,4,0,0,0,1448.0
2.22,0.04,513.0,270,0,1,6,0,0,0,4934.43
5.94,0.1,76.0,612,1,1,10,0,1,0,1259.05
3.47,0.12,48.0,1030,0,1,0,1,1,0,574.56
9.45,0.16,2166.0,7558,0,1,10,0,0,0,20578.2
10.28,0.17,17.0,90,1,1,10,0,1,0,693.54
2.51,0.04,190.0,3262,0,0,12,0,0,0,1095.22
0.0,0.0,1257.0,3039,1,1,3,2,2,0,21351.18
32.0,0.16,60.0,167,1,1,1,3,2,0,911.32
2.44,0.04,7095.0,20000,0,0,7,0,0,1,5530.11
6.54,0.11,1237.0,1530,0,0,12,0,0,0,23809.39
8.26,0.14,4009.0,34138,0,0,12,0,0,0,4947.38
1.9,0.01,960.0,500,1,1,11,0,1,1,13762.41
9.1,0.72,46.0,200,1,1,6,2,2,0,1028.18
1.25,0.04,81.0,1014,1,1,6,0,1,1,2782.94
3.81,0.13,1237.0,155202,0,0,0,0,0,0,7317.48
2.9,0.05,125.0,1300,0,1,12,0,0,0,2697.65
20.5,0.17,2846.0,9980,0,1,2,0,0,0,13873.0
2.44,0.01,2575.0,1000,1,1,11,0,1,1,18772.94
8.0,0.08,2.0,2,1,1,6,2,3,0,980.7
9.1,0.7,461.0,2024,1,1,3,2,2,0,6923.2
9.1,0.89,976.0,2044,1,1,2,2,2,0,26014.88
9.1,0.7,986.0,4327,1,1,9,2,2,0,26574.61
8.26,0.14,1440.0,15000,0,1,6,0,0,0,6477.67
1.95,0.01,1072.0,2463,0,1,6,0,1,1,5636.3
36.16,0.3,1604.0,7145,1,1,3,1,0,0,9915.56
4.15,0.07,678.0,10508,1,1,11,0,1,0,2148.1
2.9,0.05,1258.0,12873,0,1,1,0,0,0,6027.68
7.2,0.12,3679.0,50000,0,0,0,0,0,0,5014.65
7.72,0.13,4050.0,45000,0,1,4,0,0,0,11592.26
26.25,0.88,14.0,143,0,1,2,1,0,0,6443.61
4.75,0.16,358.0,2579,0,1,12,0,0,0,2485.92
8.76,0.15,1454.0,16019,0,1,1,0,0,0,5187.5
9.1,0.89,1233.0,1,1,1,6,2,2,0,13753.58
7.12,0.12,120.0,1604,0,0,5,0,0,0,1799.88
4.5,0.04,9.0,120,1,1,10,0,1,0,820.56
3.4,0.06,3146.0,32358,0,1,0,0,0,0,13332.0
9.1,0.8,97.0,212,1,1,5,2,2,0,1910.93
19.9,0.66,1081.0,9000,1,1,3,0,0,0,5834.1
24.5,0.16,3996.0,5994,1,1,9,1,2,0,53062.21
2.51,0.04,1237.0,17376,0,2,2,0,0,0,13398.06
1.45,0.01,267.0,2950,0,1,0,0,1,0,3094.0
4.51,0.15,2808.0,32083,1,3,8,0,0,0,630.5
32.0,0.16,17.0,26,1,1,1,3,2,0,334.65
2.24,0.07,200.0,3444,0,1,4,0,1,0,1211.48
9.1,0.8,638.0,1472,1,1,6,2,2,0,16189.94
10.07,0.11,93.0,769,0,1,4,0,1,0,4519.96
9.1,0.72,16.0,81,1,1,5,2,2,0,467.26
13.52,0.45,248.0,2756,0,0,4,0,0,0,1933.72
3.57,0.12,262.0,3007,1,1,9,0,0,0,3840.85
7.9,0.13,49.0,416,0,1,6,0,0,0,1465.71
9.1,0.89,1476.0,1,1,1,6,2,2,0,91.66
6.76,0.11,2321.0,16258,0,0,0,0,0,0,7317.48
9.1,0.79,77.0,430,1,1,2,1,0,0,729.03
4.0,0.07,449.0,9500,0,1,4,0,1,0,3051.95
11.75,0.39,560.0,6203,0,2,2,0,0,0,6147.18
11.22,0.19,1237.0,94848,0,2,2,0,0,1,21326.73
9.1,0.68,113.0,434,1,1,11,1,0,0,2709.98
6.83,0.03,300.0,375,1,1,10,0,1,0,2949.23
7.71,0.13,551.0,9700,0,0,0,0,0,0,2448.71
8.55,0.14,3457.0,40213,0,1,12,0,0,0,35689.71
9.1,0.72,1304.0,2700,1,1,0,2,2,0,19502.09
9.1,0.7,10.0,50,1,1,12,1,0,0,435.0
27.0,1.35,1341.0,3711,1,1,1,1,2,0,6112.63
27.5,0.31,142.0,854,0,2,2,0,0,0,9736.1
5.38,0.09,5154.0,9226,0,0,7,0,0,1,12956.94
6.86,0.23,1237.0,150000,1,3,8,0,0,0,13731.6
9.1,0.8,1318.0,2730,1,1,0,2,2,0,21737.72
9.1,0.8,1415.0,3484,1,1,6,2,2,0,33228.68
30.82,0.1,708.0,610,1,1,10,1,1,0,3428.37
38.36,0.11,25.0,14,0,0,1,1,0,0,505.0
4.7,0.16,142.0,1380,0,0,12,0,0,0,1034.64
6.61,0.11,813.0,9227,1,3,10,0,0,0,1922.5
27.6,0.92,58.0,539,1,1,6,1,2,0,871.28
9.1,0.8,766.0,1891,1,1,9,2,2,0,14125.63
32.0,0.16,2607.0,8018,1,1,2,3,2,0,28595.45
5.87,0.2,2304.0,337,0,0,3,0,0,1,5989.25
11.22,0.19,1237.0,53109,0,2,2,0,0,0,13398.06
8.15,0.14,111.0,1925,0,1,10,0,0,0,1355.06
26.25,0.88,1225.0,8462,0,2,2,1,0,0,7445.71
4.59,0.15,2829.0,25811,1,2,7,0,0,0,24936.5
1.95,0.01,224.0,600,0,1,4,0,1,0,3545.1
9.3,0.1,17.0,266,0,0,7,0,1,0,1200.0
3.8,0.06,786.0,10480,0,1,4,0,0,0,11032.42
32.0,0.16,627.0,1883,0,1,9,3,2,0,7670.04
1.55,0.03,4228.0,64000,1,1,1,0,0,0,12237.61
13.5,0.22,5092.0,42700,0,1,5,0,0,1,8118.64
8.76,0.15,4176.0,14875,0,1,10,0,0,1,1005.2
30.82,0.1,1309.0,1364,1,1,7,1,1,0,15578.89
1.4,0.02,485.0,630,0,0,5,0,0,0,947.52
9.1,0.8,537.0,1130,1,1,3,2,2,0,10626.8
1.99,0.03,735.0,10893,0,0,7,0,1,0,6331.93
3.55,0.12,2490.0,6000,1,1,11,0,0,0,4545.64
29.0,0.16,128.0,340,1,1,1,1,2,0,810.96
4.45,0.15,7225.0,39312,0,1,10,0,0,0,69748.5
9.0,0.3,1237.0,560,1,1,10,0,0,0,806.55
1.51,0.01,908.0,2052,1,1,10,0,1,0,6438.91
22.5,0.75,775.0,5175,1,1,3,0,0,0,4136.58
3.15,0.01,7367.0,19098,1,1,8,0,1,0,3444.28
9.1,0.8,1284.0,2954,1,1,4,2,2,0,125.42
1.25,0.04,575.0,9051,1,1,12,0,1,0,3231.11
7.12,0.12,9020.0,76000,0,0,7,0,0,1,14958.2
8.15,0.14,132.0,2306,0,1,0,0,0,0,1659.48
13.0,0.43,30.0,150,1,1,11,0,0,0,4111.71
8.26,0.14,2875.0,30107,0,0,12,0,0,0,23675.63
32.0,0.16,55.0,168,1,1,3,3,2,0,1112.11
7.25,0.12,2806.0,1416,1,1,11,0,0,1,18207.5
15.0,0.25,147.0,712,1,1,4,0,1,0,1836.81
2.26,0.04,6528.0,32298,0,1,12,0,0,0,21806.84
9.28,0.04,7664.0,20000,1,3,8,1,1,0,8301.76
6.65,0.22,4008.0,42938,1,3,8,0,0,0,6121.39
1.52,0.03,5092.0,120,0,1,5,0,0,0,8118.64
27.0,1.35,2603.0,8000,1,1,2,1,2,0,22838.29
2.06,0.01,3670.0,9960,1,3,8,0,1,0,9021.5
9.1,0.16,783.0,733,1,1,4,1,2,0,7079.25
27.0,1.35,35.0,120,1,1,6,1,2,0,379.62
4.22,0.14,434.0,7132,0,1,4,0,0,0,3526.27
1.67,0.03,1857.0,108,0,1,10,0,0,0,11091.78
2.44,0.04,2501.0,12974,0,1,12,0,0,1,18520.22
13.66,0.46,122.0,2016,1,1,11,0,0,0,2864.44
4.63,0.15,3000.0,30000,0,0,4,0,0,0,12748.74
9.1,0.8,405.0,840,1,1,3,2,2,0,7765.61
30.82,0.26,4213.0,16800,1,1,4,1,0,0,27376.29
9.1,0.8,256.0,750,1,1,10,2,2,0,1760.32
10.52,0.35,1237.0,151208,0,0,3,0,0,0,13765.17
19.92,0.66,1264.0,11280,0,1,4,0,0,0,3380.35
2.3,0.04,1237.0,13000,1,1,11,0,0,1,17392.05
9.1,0.7,893.0,3500,1,1,4,2,2,0,12858.12
9.1,0.89,2575.0,6350,1,1,2,2,2,0,29274.16
4.6,0.08,338.0,7228,1,1,4,0,1,0,3845.67
2.26,0.04,5925.0,51747,0,0,7,0,0,1,13770.65
2.66,0.04,214.0,3690,0,1,12,0,0,0,5166.39
23.67,0.79,11.0,200,1,1,2,1,0,0,463.0
30.0,0.5,693.0,4448,1,1,4,0,0,0,5066.44
32.0,0.16,3.0,10,0,1,6,3,2,0,400.75
9.1,0.8,661.0,1384,1,1,4,2,2,0,13740.74
9.1,0.8,3896.0,8200,1,1,0,2,2,0,69016.63
12.25,0.2,136.0,771,1,1,11,0,0,0,678.96
11.89,0.4,2117.0,17851,0,0,3,0,0,0,1663.18
9.1,0.16,48.0,20,1,1,6,1,2,0,1681.44
5.38,0.09,2192.0,14770,0,1,6,0,0,0,10829.6
9.1,0.8,462.0,1128,1,1,6,2,2,0,12205.04
4.6,0.08,2732.0,5024,0,0,4,0,1,0,10680.14
8.64,0.1,66.0,487,0,1,9,0,1,0,585.42
1.85,0.03,2175.0,18600,1,1,11,0,0,0,4354.8
30.82,0.1,798.0,846,1,1,7,1,1,0,9299.26
10.25,0.17,909.0,2770,0,1,4,0,0,1,2804.0
2.58,0.04,4145.0,36576,0,0,3,0,0,0,1647.0
1.4,0.01,1857.0,100,0,1,10,0,1,1,11091.78
6.75,0.11,1984.0,23063,1,1,11,0,0,0,3225.12
8.97,0.3,1237.0,113925,0,0,0,0,0,0,14325.71
8.11,0.14,7041.0,47108,0,0,5,0,0,0,4486.01
19.92,0.66,909.0,2661,0,1,12,0,0,0,5166.39
1.3,0.04,30.0,240,1,1,6,0,1,0,1678.57
5.74,0.19,2003.0,22002,0,0,3,0,0,0,10010.15
6.11,0.1,3955.0,36100,0,0,7,0,0,0,13208.56
10.52,0.35,1237.0,90000,0,0,7,0,0,0,15847.18
8.1,0.13,2446.0,17584,1,1,11,0,0,0,4559.25
2.12,0.01,6196.0,14065,1,3,8,0,1,0,1220.84
12.3,0.41,1237.0,177272,0,0,0,0,0,1,30981.39
2.12,0.01,2068.0,5590,1,3,8,0,1,0,3961.69
7.4,0.12,1237.0,90955,0,1,5,0,0,0,8654.7
7.12,0.12,1237.0,107556,0,1,1,0,0,0,14144.68
8.61,0.14,211.0,2352,1,1,11,0,0,0,892.5
5.43,0.09,1899.0,31528,1,1,3,0,0,0,10879.44
2.26,0.04,1600.0,8834,0,1,12,0,0,0,8699.8
8.58,0.14,1237.0,142000,0,2,2,0,0,1,49199.75
9.1,0.8,588.0,1224,1,1,0,2,2,0,11491.6
8.04,0.13,3868.0,42500,1,3,7,0,1,0,16210.31
2.24,0.07,1585.0,1092,0,1,10,0,1,0,6811.39
9.1,0.16,40.0,87,1,1,6,1,2,0,1333.4
3.21,0.11,1237.0,12710,0,0,5,0,0,0,10217.02
24.5,0.16,970.0,1362,1,1,1,1,2,0,9718.85
9.1,0.7,274.0,1200,1,1,6,2,2,0,3321.08
10.5,0.35,1237.0,200000,1,1,3,0,0,0,127285.48
32.0,0.16,613.0,1460,1,1,9,3,2,0,5405.42
7.72,0.13,1237.0,234519,0,2,2,0,0,0,107573.94
9.1,0.89,1378.0,2891,1,1,2,2,2,0,32667.09
29.0,0.16,151.0,340,1,1,1,1,2,0,827.88
7.71,0.13,1237.0,500,0,0,0,0,0,0,17384.76
40.0,0.16,173.0,500,1,1,9,3,2,0,17928.53
41.1,0.34,9.0,10,1,1,10,1,0,0,807.28
5.38,0.09,5154.0,70000,0,0,7,0,0,0,12956.94
21.05,0.09,9006.0,338,0,1,5,0,1,0,9869.55
5.35,0.18,273.0,2800,1,1,9,0,0,0,2964.49
9.1,0.7,794.0,3500,1,1,4,2,2,0,12499.27
7.3,0.08,253.0,4120,0,0,4,0,1,0,4261.03
8.76,0.15,202.0,2420,0,1,12,0,0,0,1534.1
1.92,0.01,1345.0,3635,0,1,10,0,1,0,14489.1
9.1,0.8,662.0,1387,1,1,3,2,2,0,12035.47
9.1,0.8,1363.0,5996,0,1,0,2,2,0,22171.8
1.9,0.03,767.0,10383,0,2,2,0,1,0,3963.0
22.5,0.75,1710.0,12830,1,1,3,0,0,0,8344.86
2.87,0.05,4194.0,65072,1,3,8,0,0,0,17278.96
3.8,0.06,2078.0,23100,0,0,5,0,0,1,2400.25
0.0,0.0,80.0,1200,0,0,4,0,1,0,1532.73
24.0,0.8,6223.0,20000,1,1,3,1,2,0,82236.74
4.22,0.14,1237.0,230000,0,0,0,0,0,0,22168.18
3.64,0.12,1679.0,19656,0,1,10,0,0,0,18028.41
9.1,0.8,1113.0,2342,1,1,7,2,2,0,20082.38
2.26,0.04,722.0,11490,0,1,12,0,0,0,3483.79
2.6,0.04,889.0,9576,1,1,11,0,0,0,7884.8
27.0,1.35,483.0,1275,1,1,12,1,2,0,4193.88
5.74,0.19,2746.0,34733,0,0,3,0,0,0,5989.25
4.51,0.15,10.0,120,1,3,8,0,0,0,19518.98
13.52,0.45,247.0,3400,0,0,4,0,0,0,2414.89
2.9,0.05,485.0,8732,0,1,4,0,0,0,7302.48
7.53,0.13,3325.0,60683,0,0,0,0,0,0,3379.64
8.1,0.13,695.0,4980,1,1,11,0,0,0,1377.02
23.0,0.16,2535.0,3510,1,1,1,1,2,0,20083.74
2.26,0.04,1237.0,109238,0,2,2,0,0,0,20761.0
27.0,1.35,3045.0,10000,1,1,2,1,2,0,28118.58
3.64,0.12,4409.0,14368,0,0,4,0,0,0,17192.4
2.33,0.04,5.0,73,0,1,6,0,0,0,491.43
5.87,0.2,6692.0,20921,0,0,3,0,0,0,6010.2
22.5,0.75,1195.0,2610,0,1,4,0,0,0,8758.37
2.15,0.04,980.0,20000,1,1,0,0,0,0,6020.81
9.1,0.16,43.0,31,1,1,12,1,2,0,1324.43
1.3,0.01,2454.0,11310,1,1,12,0,1,0,10898.12
6.85,0.11,97.0,760,1,1,4,1,0,0,1575.13
1.51,0.01,820.0,2040,1,3,10,0,1,0,2214.69
2.45,0.04,277.0,2870,0,0,5,0,0,0,4313.33
41.1,0.34,9006.0,2698,0,1,5,1,0,1,9869.55
9.1,0.8,1744.0,4484,1,1,6,2,2,0,19489.83
0.0,0.0,1208.0,2915,1,1,3,2,2,0,20583.37
7.82,0.26,4398.0,64771,1,1,8,0,0,0,5298.03
20.0,0.8,206.0,659,1,1,4,1,2,0,2358.13
9.1,1.39,105.0,150,1,1,10,1,2,0,1894.41
4.09,0.07,1228.0,18027,0,0,0,0,1,0,1765.18
9.1,0.8,40.0,86,1,1,3,2,2,0,1765.86
36.16,0.3,1647.0,8000,0,1,1,1,0,0,3600.65
5.78,0.19,15.0,168,0,2,2,0,0,0,11637.64
45.52,0.08,115.0,34,1,1,2,1,5,0,1755.87
2.9,0.05,507.0,5184,0,0,12,0,0,0,1576.8
6.85,0.11,87.0,616,1,1,5,1,0,0,1053.88
24.0,0.8,486.0,1456,1,1,4,1,2,0,5074.33
9.3,0.1,163.0,2440,1,1,10,0,1,0,1659.21
13.96,0.47,315.0,3400,0,0,5,0,0,0,1981.6
15.0,0.5,440.0,7035,1,1,12,0,0,0,2242.71
17.5,0.29,9006.0,9838,0,1,5,0,0,1,9869.55
4.7,0.16,1387.0,10000,0,0,4,0,0,0,10680.14
2.26,0.04,81.0,225,0,0,6,0,0,0,1641.0
2.43,0.04,1237.0,515000,1,3,8,0,0,0,37401.43
3.91,0.13,5486.0,45840,0,1,12,0,0,0,27321.52
27.0,1.35,11.0,20,1,1,6,1,2,0,386.16
9.1,0.72,25.0,100,1,1,6,2,2,0,1038.39
8.2,0.14,1083.0,11755,1,1,11,0,0,0,9046.76
32.0,0.16,138.0,165,1,1,1,3,2,0,794.72
12.01,0.4,2941.0,19740,0,1,10,0,0,0,31051.3
9.1,0.16,1073.0,1000,1,1,4,1,2,0,8114.11
4.3,0.07,2461.0,12106,0,0,3,0,1,1,3592.8
2.66,0.04,6880.0,100425,0,0,4,0,0,0,7826.75
9.1,0.78,680.0,3000,1,1,4,2,2,0,11463.46
32.0,0.16,15.0,47,1,1,6,3,2,0,870.22
9.1,0.89,4388.0,10798,1,1,2,2,2,0,66059.65
2.92,0.05,4528.0,38400,1,1,8,0,0,0,6369.79
9.1,0.8,1394.0,2926,1,1,3,2,2,0,24596.33
6.76,0.11,230.0,4560,0,1,6,0,0,0,1740.47
7.5,0.12,18.0,336,1,1,11,0,0,0,2525.73
23.0,0.16,2535.0,3510,1,1,1,1,2,0,20083.74
32.0,0.16,17.0,50,1,1,6,3,2,0,617.79
9.1,0.72,57.0,250,1,1,4,2,2,0,1796.68
24.5,0.16,780.0,1100,1,1,1,1,2,0,7655.99
18.9,0.16,1089.0,5337,0,0,12,1,0,0,3730.8
2.0,0.03,2806.0,20000,1,1,11,0,0,0,18207.5
11.35,0.19,1593.0,14066,0,0,12,0,0,0,9547.7
2.9,0.05,2031.0,25540,0,1,1,0,0,0,6774.59
9.1,0.8,1378.0,2891,1,1,5,2,2,0,25607.44
2.42,0.04,1956.0,16947,0,0,0,0,0,0,8709.0
9.1,0.16,68.0,45,1,1,12,1,2,0,1305.28
11.22,0.19,617.0,4782,0,1,12,0,0,0,8676.9
3.91,0.13,406.0,6667,0,1,6,0,0,0,3062.18
8.64,0.1,318.0,2520,0,1,9,0,1,0,2716.08
50.0,0.28,25.0,50,0,0,1,1,0,1,505.0
11.35,0.19,3239.0,28000,0,2,2,0,0,0,11637.64
9.76,0.33,6247.0,55300,0,1,6,0,0,0,61201.46
18.9,0.16,7355.0,33171,0,0,4,1,0,0,28647.52
30.82,0.1,1374.0,1500,1,1,7,1,1,0,9299.26
24.5,0.16,1237.0,20481,1,1,9,1,2,0,139951.34
11.15,0.37,5093.0,37696,0,0,7,0,0,0,10942.89
29.0,0.16,763.0,1900,1,1,4,1,2,0,7153.63
12.96,0.22,1283.0,182,0,1,6,0,0,1,12862.56
3.2,0.05,6036.0,6,0,1,5,0,0,1,3671.92
9.1,0.68,862.0,3470,1,1,11,1,0,0,5215.07
3.99,0.07,1855.0,31920,1,1,11,0,0,0,16007.06
9.1,0.7,182.0,800,1,1,4,2,2,0,3272.6
9.1,0.89,3787.0,9330,1,1,2,2,2,0,61637.1
9.1,0.8,1215.0,2788,1,1,12,2,2,0,16337.03
9.1,0.16,120.0,50,1,1,4,1,2,0,3004.62
9.1,0.7,40.0,170,1,1,6,2,2,0,2883.51
9.1,0.8,1033.0,4400,1,1,4,2,2,0,24728.57
7.82,0.26,136.0,2016,1,1,8,0,0,0,1881.24
20.0,0.67,1412.0,10565,1,1,3,0,0,0,6758.01
9.1,0.89,3764.0,6375,1,1,2,2,2,0,38029.42
22.5,0.75,364.0,1400,1,1,4,0,0,0,4171.65
32.0,0.16,50.0,132,1,1,6,3,2,0,1595.38
7.43,0.12,454.0,8989,1,1,8,0,0,0,3315.24
11.0,0.18,2575.0,25100,1,1,11,0,0,0,18772.94
2.35,0.04,1073.0,23355,1,1,11,0,0,0,5221.88
9.1,0.89,39.0,90,1,1,6,2,2,0,1405.56
9.1,0.78,575.0,2530,1,1,9,2,2,0,26849.57
7.78,0.13,7095.0,3345,0,0,7,0,0,0,5530.11
1.25,0.04,134.0,2118,1,1,10,0,1,0,1987.82
1.53,0.05,52.0,1200,1,1,2,0,4,0,428.66
10.0,0.33,44.0,200,0,1,12,0,0,0,1483.39
9.1,0.89,1378.0,2891,1,1,2,2,2,0,31201.82
0.0,0.0,565.0,6459,0,1,6,0,1,0,11705.87
2.0,0.07,483.0,8000,0,0,7,0,0,0,2947.59
9.1,0.51,1714.0,7000,1,1,11,1,0,0,4881.42
3.75,0.06,166.0,3200,0,0,4,0,1,0,1137.18
32.0,0.16,334.0,1000,0,1,9,3,2,0,3494.5
16.5,0.07,905.0,1664,0,1,4,0,1,0,10451.25
9.1,0.8,1368.0,2870,1,1,3,2,2,0,24308.25
32.0,0.16,123.0,412,1,1,6,3,2,0,1375.8
7.3,0.08,244.0,4000,0,1,4,0,1,0,3138.35
38.36,0.11,9006.0,143,0,1,5,1,0,1,9869.55
1.51,0.03,114.0,2464,1,1,11,0,0,0,2879.96
16.0,0.18,14.0,105,0,1,10,0,1,0,1015.24
11.36,0.19,3118.0,10000,0,0,5,0,0,0,4768.06
26.25,0.88,186.0,2160,0,1,4,1,0,0,1660.07
9.1,0.8,55.0,120,1,1,5,2,2,0,3267.66
4.42,0.05,561.0,3969,0,0,7,0,1,0,251.42
9.1,0.8,3560.0,8787,1,1,7,2,2,0,52462.81
7.0,0.12,555.0,2800,1,1,11,1,1,0,3292.15
9.1,0.29,1669.0,764,0,1,5,1,0,0,859.14
5.49,0.05,48.0,630,1,1,11,0,1,0,2729.91
12.01,0.4,76.0,860,0,1,12,0,0,0,675.0
5.74,0.19,1237.0,300000,1,1,0,0,0,0,119474.09
3.89,0.06,180.0,4200,0,0,4,0,1,0,1965.57
0.01,0.0,45.0,152,0,1,6,0,3,0,798.59
3.33,0.11,1237.0,24912,0,0,12,0,0,1,23809.39
7.4,0.12,2262.0,22,0,1,7,0,0,1,7364.52
29.0,0.16,15.0,44,1,1,1,1,2,0,529.4
11.15,0.37,1237.0,200000,0,2,2,0,0,0,26340.0
3.89,0.06,1628.0,37979,0,0,0,0,1,0,3526.69
12.01,0.4,4247.0,5000,0,0,0,0,0,0,8231.95
32.0,0.16,164.0,450,1,1,6,3,2,0,1871.07
10.0,0.33,2500.0,22826,0,2,2,0,0,0,9736.1
7.03,0.23,7965.0,116000,1,3,8,0,0,0,13688.03
12.5,0.05,1237.0,1470,0,1,10,0,1,0,95269.39
9.1,0.89,1246.0,7238,1,1,6,2,2,0,13336.64
4.04,0.13,44.0,715,0,0,9,0,0,0,1171.2
3.09,0.05,3539.0,60300,1,1,9,0,0,0,16769.43
6.47,0.22,3658.0,54008,1,3,8,0,0,0,12796.59
9.5,0.16,7341.0,10044,0,1,5,0,0,0,10879.28
4.67,0.16,2131.0,25190,1,1,8,0,0,0,5886.9
50.0,0.28,6036.0,252,0,1,5,1,0,1,3671.92
9.72,0.32,631.0,7323,0,1,10,0,0,0,7584.12
22.0,0.37,107.0,1028,1,1,3,0,1,0,1794.89
3.57,0.06,4398.0,43470,0,1,0,0,0,0,18137.64
9.1,0.16,173.0,160,0,1,4,1,2,0,1754.0
3.4,0.06,4957.0,72333,0,0,0,0,0,0,15220.18
2.42,0.04,1237.0,43676,0,0,0,0,0,0,25636.2
3.4,0.06,893.0,9408,0,1,0,0,0,0,6269.7
2.51,0.04,2822.0,41142,0,2,2,0,0,0,12601.12
2.51,0.04,1332.0,13836,0,0,0,0,0,0,6476.7
32.0,0.16,62.0,137,1,1,6,3,2,0,1367.59
9.98,0.11,201.0,1515,1,3,8,0,1,0,4134.92
7.72,0.13,1237.0,3194,0,2,2,0,0,0,51645.79
9.1,0.16,402.0,375,1,1,2,1,2,0,4445.75
16.96,0.09,2085.0,325,0,1,10,1,1,0,23866.2
1.77,0.03,301.0,6493,1,1,11,0,0,0,1457.92
1.95,0.01,239.0,600,0,1,6,0,1,0,3106.89
3.33,0.11,2732.0,30000,0,0,4,0,0,1,10680.14
9.1,0.8,499.0,1044,1,1,3,2,2,0,9894.85
14.1,0.47,4669.0,27608,1,1,11,0,0,1,8334.77
7.82,0.26,4457.0,64738,1,1,8,0,0,0,3646.13
2.49,0.04,1237.0,24768,0,0,5,0,0,0,11701.65
9.6,0.32,1237.0,81589,0,0,7,0,0,0,23559.93
6.57,0.22,263.0,3000,0,2,2,0,0,0,13398.06
1.55,0.03,273.0,4124,0,1,2,0,0,0,7363.74
13.15,0.44,121.0,1134,0,0,4,0,0,0,1076.5
1.25,0.01,1237.0,330,0,1,10,0,1,1,161712.87
8.76,0.15,2078.0,2484,0,0,5,0,0,0,2400.25
9.1,0.89,1235.0,3041,1,1,2,2,2,0,21084.84
19.36,0.16,1591.0,6364,0,1,6,0,0,0,8834.07
7.72,0.13,7666.0,25712,0,2,2,0,0,1,16532.5
4.62,0.15,599.0,5763,0,0,5,0,0,0,3610.0
7.2,0.12,2382.0,32067,0,1,5,0,0,0,3671.92
3.4,0.06,1987.0,35400,0,1,2,0,0,0,14931.8
2.92,0.05,20.0,384,1,1,10,0,0,0,950.05
1.43,0.01,1385.0,4157,0,0,4,0,1,0,6437.76
2.3,0.04,1982.0,475,0,0,12,0,1,0,8163.74
11.09,0.18,2069.0,20000,1,1,3,0,0,0,9716.76
6.85,0.11,346.0,2706,1,1,4,1,0,0,9539.6
13.27,0.44,4525.0,40230,0,0,4,0,0,0,11874.85
21.0,0.18,475.0,1784,0,0,4,0,0,0,3332.73
1.32,0.02,1237.0,216,0,1,10,0,0,1,161712.87
12.42,0.41,4256.0,1860,0,1,7,0,0,0,5145.86
2.58,0.04,750.0,13023,0,1,6,0,0,0,3787.65
32.0,0.16,6568.0,20000,1,1,6,3,2,0,41300.11
29.0,0.97,13.0,19,1,1,4,1,2,0,780.34
4.53,0.15,1237.0,127904,1,3,8,0,0,0,15331.5
9.1,0.16,72.0,30,1,1,6,1,2,0,1765.54
9.81,0.16,1237.0,75000,0,0,4,0,0,0,11874.85
27.0,1.35,904.0,3049,1,1,4,1,2,0,7208.0
9.1,0.89,3435.0,5884,1,1,2,2,2,0,34730.62
9.1,0.8,1303.0,2744,1,1,3,2,2,0,22317.25
13.27,0.44,3856.0,31560,0,1,2,0,0,0,15459.09
4.12,0.14,3453.0,47614,0,1,4,0,0,0,9657.88
19.66,0.16,7041.0,10000,0,0,4,0,0,0,28406.4
11.22,0.19,5364.0,44131,0,1,9,0,0,0,81670.57
3.4,0.06,168.0,3000,0,1,5,0,0,0,1074.95
10.74,0.36,4707.0,38692,1,1,6,0,0,0,32683.47
2.0,0.07,700.0,12000,0,0,0,0,0,0,954.13
7.2,0.12,1237.0,38975,0,1,5,0,0,0,9161.95
29.31,0.24,1237.0,25597,0,0,4,0,0,0,20786.04
11.23,0.19,230.0,2469,0,0,3,0,0,0,1163.2
2.66,0.04,6206.0,100000,0,0,0,0,0,0,13411.32
13.0,0.43,236.0,2600,1,1,1,0,0,0,1131.48
5.5,0.09,507.0,7526,0,2,2,0,0,0,1263.0
8.11,0.14,3392.0,24816,1,1,5,0,0,0,16835.52
9.45,0.16,2115.0,14124,0,0,0,0,0,0,2882.85
5.94,0.1,1825.0,2697,1,1,10,0,1,0,4126.9
27.0,1.35,2985.0,9048,1,1,2,1,2,0,20635.3
5.9,0.2,7133.0,79620,1,1,0,0,0,0,40583.63
0.01,0.0,3.0,3,0,0,6,1,2,0,99.0
9.1,0.83,271.0,1500,1,1,4,1,0,0,2527.94
36.16,0.3,4794.0,11480,1,1,4,1,0,0,28238.31
3.3,0.11,5215.0,60757,1,1,3,0,0,0,20136.28
8.55,0.14,4171.0,45000,0,0,5,0,0,0,3936.85
8.5,0.28,1237.0,117359,1,3,9,0,0,0,32530.22
6.49,0.11,1748.0,20000,1,1,11,0,0,0,3868.49
9.1,0.89,2951.0,10000,1,1,6,2,2,0,31923.61
7.08,0.12,941.0,10158,1,1,11,0,0,0,1934.17
9.45,0.16,1580.0,16752,0,1,10,0,0,0,11572.0
9.5,0.16,1215.0,9692,0,1,1,0,0,0,6346.22
11.0,0.37,152.0,1747,0,1,12,0,0,0,1340.96
16.75,0.56,9006.0,2933,0,1,5,0,0,1,9869.55
11.22,0.19,2156.0,17000,0,1,12,0,0,0,14467.75
11.22,0.19,4693.0,40000,0,2,2,0,0,0,9736.1
1.85,0.01,718.0,1800,0,2,9,0,1,0,4370.8
9.1,0.89,1186.0,2744,1,1,2,2,2,0,24927.19
9.6,0.32,1237.0,121000,0,2,2,0,0,0,68103.71
20.0,0.8,97.0,270,0,0,6,1,2,0,98.08
13.15,0.22,1239.0,12000,0,1,9,0,0,0,28202.0
9.1,0.78,1229.0,5408,1,1,4,2,2,0,17085.16
0.01,0.0,56.0,850,1,1,12,0,3,0,360.0
33.0,0.55,145.0,1411,1,1,9,0,1,0,1950.74
6.73,0.11,3118.0,25000,0,0,5,0,0,1,4768.06
10.78,0.36,1237.0,116931,0,0,3,0,0,0,7083.18
12.01,0.4,3817.0,50000,0,0,0,0,0,0,4579.42
11.8,0.2,1456.0,10000,0,1,4,0,0,0,5048.32
8.23,0.27,3263.0,43441,0,2,2,0,0,0,15322.7
2.26,0.04,394.0,10227,0,0,7,0,0,1,11133.66
2.76,0.05,1875.0,26267,0,0,7,0,1,0,6933.75
1.97,0.01,6230.0,5496,0,1,0,0,1,0,25739.49
8.76,0.15,2634.0,10962,0,1,4,0,0,0,6111.21
9.1,0.89,1980.0,8331,1,1,6,2,2,0,37548.87
20.0,0.67,1189.0,3905,1,1,10,0,0,1,7296.97
36.16,0.3,276.0,1320,0,1,10,1,0,0,2080.2
8.1,0.13,1237.0,114996,1,1,12,0,0,0,56180.34
9.98,0.17,3450.0,38463,0,1,9,0,0,0,20896.5
4.34,0.14,1237.0,27304,0,1,12,0,0,0,56372.66
32.0,0.16,58.0,170,1,1,1,3,2,0,143.57
9.5,0.16,402.0,1848,0,1,6,0,0,0,4807.0
3.95,0.02,2846.0,1653,0,1,2,0,1,1,13873.0
9.71,0.11,194.0,1260,0,1,10,0,1,0,2452.54
3.19,0.11,622.0,9800,0,0,4,0,0,0,4958.0
26.25,0.88,62.0,662,0,1,2,1,0,0,6443.61
3.47,0.12,26.0,570,0,1,0,1,1,0,505.17
1.92,0.01,960.0,1000,1,1,11,0,1,0,13762.41
1.9,0.03,1043.0,19425,0,0,7,0,1,0,8043.57
6.57,0.22,76.0,844,0,2,2,0,0,0,12601.07
1.3,0.01,2127.0,10368,1,1,12,0,1,0,10898.13
1.6,0.03,988.0,1260,0,1,2,0,0,0,4251.0
35.0,0.29,645.0,2508,1,1,6,0,0,0,5002.73
9.1,0.89,2556.0,7318,1,1,6,2,2,0,29339.63
8.1,0.13,1485.0,10762,1,1,11,0,0,0,2702.63
8.15,0.14,3301.0,26598,1,1,11,0,0,0,5764.28
2.15,0.04,474.0,4000,0,0,12,0,1,0,1332.7
4.64,0.15,1237.0,95597,0,2,2,0,0,0,20992.67
7.2,0.12,7113.0,47392,0,1,5,0,0,0,3599.76
55.5,0.92,39.0,390,1,1,12,1,0,0,433.0
10.0,0.33,3312.0,40148,0,2,2,0,0,0,9736.1
3.04,0.05,732.0,14044,0,1,1,0,0,0,2963.8
9.1,0.16,480.0,200,1,1,10,1,2,0,9334.68
9.1,0.68,1010.0,4165,1,1,11,1,0,0,5417.87
11.75,0.39,2791.0,32510,1,1,9,0,0,0,28336.18
20.0,0.67,114.0,1467,1,1,9,0,0,0,4822.01
41.1,0.34,23.0,100,0,1,12,1,0,0,1152.63
6.73,0.11,1237.0,139000,0,0,5,0,0,0,8191.96
12.96,0.22,1033.0,10000,0,0,5,0,0,0,7951.22
11.4,0.19,36.0,591,1,1,11,0,0,0,430.5
9.81,0.16,1237.0,100000,0,0,7,0,0,0,8751.99
9.1,0.29,663.0,2579,0,1,5,1,0,0,1824.11
25.0,0.16,6.0,10,1,1,6,1,3,0,337.89
27.53,0.46,6230.0,2489,0,1,0,0,0,1,25739.49
11.15,0.37,2277.0,20160,0,0,7,0,0,0,10942.88
9.1,0.68,117.0,500,1,1,11,1,0,0,1767.38
9.1,0.8,343.0,1000,1,1,10,2,2,0,2802.42
5.87,0.2,2304.0,2178,0,0,3,0,0,0,5989.25
11.0,0.18,2799.0,24349,1,1,11,0,0,0,11838.56
5.78,0.19,4845.0,8676,0,1,4,0,0,0,5254.1
33.7,0.28,2368.0,9517,1,1,4,1,0,0,17068.85
9.45,0.16,1072.0,11569,0,1,2,0,0,0,8504.72
1.99,0.03,312.0,4000,0,0,0,0,1,0,274.51
13.0,0.43,4426.0,39330,1,3,9,0,0,0,66916.5
2.15,0.04,29.0,392,0,1,9,0,0,0,1372.38
6.57,0.01,3221.0,30,1,1,10,0,4,0,21015.77
8.76,0.15,1084.0,11949,0,2,2,0,0,0,11637.65
2.22,0.04,775.0,8586,0,0,5,0,0,1,3855.94
32.0,0.16,54.0,150,0,0,6,3,2,0,952.04
18.0,0.6,132.0,1000,1,1,10,0,0,0,1579.89
2.72,0.05,1237.0,104636,1,3,8,0,0,0,8527.46
2.33,0.04,195.0,1946,0,0,12,0,0,0,2070.68
11.2,0.19,953.0,800,1,1,11,0,0,1,1593.67
2.51,0.04,1936.0,19200,0,0,0,0,0,0,9421.76
4.15,0.07,338.0,5701,0,0,4,0,1,0,3487.55
16.96,0.09,30.0,70,0,1,10,1,1,0,933.09
1.4,0.01,77.0,800,0,1,4,0,1,0,1286.0
9.1,0.8,1624.0,4000,1,1,12,2,2,0,14692.8
12.01,0.4,1237.0,131808,0,1,3,0,0,0,8399.76
8.23,0.27,5494.0,53279,0,2,2,0,0,0,15322.73
11.75,0.39,109.0,1500,0,1,12,0,0,0,2288.29
13.15,0.22,437.0,4250,0,1,6,0,0,0,3062.18
27.53,0.46,822.0,8251,0,1,0,0,0,0,3303.52
32.0,0.16,245.0,728,1,1,6,3,2,0,6897.71
2.33,0.04,195.0,4050,0,0,5,0,0,0,3495.81
1.9,0.03,251.0,2000,1,1,6,0,1,0,1484.75
10.5,0.35,4171.0,36000,1,1,6,0,0,0,20371.77
9.1,0.51,499.0,2000,1,1,11,1,0,0,1467.82
2.12,0.01,3542.0,10233,1,3,8,0,1,0,6660.05
5.0,0.16,149.0,160,1,1,6,2,3,0,2084.52
23.0,0.16,2535.0,3510,1,1,1,1,2,0,23035.69
6.85,0.11,309.0,2145,1,1,3,1,0,0,2383.65
2.26,0.04,1237.0,31144,0,0,3,0,0,0,7134.39
23.26,0.78,15.0,71,1,1,11,1,0,0,493.42
20.0,0.67,236.0,750,1,1,1,0,0,1,1131.48
2.3,0.04,2461.0,12917,0,0,3,0,1,0,3592.8
6.15,0.1,1926.0,19600,1,1,11,0,0,0,12423.96
1.95,0.01,1156.0,3100,0,1,10,0,1,0,14661.14
11.0,0.37,1237.0,8192,0,1,10,0,0,0,101348.75
4.7,0.16,5426.0,30685,0,1,12,0,0,0,6506.75
10.74,0.36,5342.0,46500,1,3,10,0,0,0,9195.61
8.13,0.14,4426.0,34910,1,1,6,0,0,0,37479.21
3.4,0.06,4733.0,50000,0,1,0,0,0,0,6002.19
26.25,0.88,798.0,3120,0,1,4,1,0,0,2941.11
5.94,0.1,4528.0,41840,1,3,7,0,1,0,25189.51
3.4,0.06,1197.0,12745,0,1,1,0,0,0,8332.0
8.51,0.04,236.0,595,0,0,7,0,1,0,7300.0
32.0,0.16,166.0,500,1,1,9,3,2,0,3478.5
19.92,0.66,1264.0,300,0,1,4,0,0,1,3380.35
6.76,0.11,1.0,25,0,0,12,0,0,0,5220.79
10.92,0.36,1237.0,55488,0,2,2,0,0,1,43548.0
11.0,0.37,1169.0,14000,0,1,2,0,0,0,13538.35
9.1,0.8,988.0,2070,1,1,4,2,2,0,19368.23
2.42,0.04,1237.0,69037,0,0,7,0,0,0,15299.58
20.0,0.67,1189.0,5000,1,1,10,0,0,0,7296.97
9.1,0.72,362.0,1250,0,1,9,2,2,0,8143.19
9.1,0.7,470.0,2059,1,1,10,2,2,0,3684.28
2.58,0.04,1237.0,60000,0,2,2,0,0,0,15322.73
3.4,0.06,2521.0,21225,0,1,4,0,0,0,14336.95
12.01,0.4,3775.0,50000,0,0,0,0,0,0,4060.54
1.56,0.05,1337.0,20867,1,1,3,0,1,0,8403.67
1.95,0.01,1237.0,1716,0,1,10,0,1,1,161712.87
5.36,0.18,5.0,48,0,0,12,0,0,0,673.25
1.78,0.01,825.0,1222,0,1,0,0,1,0,6380.09
9.1,0.16,29.0,45,1,1,10,1,2,0,854.34
24.5,0.16,2771.0,4156,1,1,9,1,2,0,36502.8
32.0,0.16,10.0,30,1,1,3,3,2,0,910.73
9.1,0.8,1363.0,2814,1,1,0,2,2,0,22746.62
2.98,0.1,8385.0,43065,1,3,10,0,0,1,12336.45
20.0,0.8,3334.0,10000,1,1,3,1,2,0,23623.43
15.26,0.17,481.0,4000,0,1,0,0,1,0,2951.12
15.04,0.25,523.0,5125,0,0,0,0,0,0,3949.19
32.0,0.16,3.0,5,1,1,6,3,2,0,1225.17
11.4,0.19,4531.0,40230,0,2,2,0,0,0,30983.24
3.91,0.13,1237.0,182876,0,0,0,0,0,1,7317.47
3.4,0.06,2773.0,50000,0,0,0,0,0,0,2938.92
35.21,0.07,1250.0,2000,1,1,2,1,5,0,17170.07
8.76,0.15,263.0,4000,0,1,12,0,0,0,2458.26
32.0,0.16,1265.0,3700,1,1,5,3,2,0,18937.3
8.1,0.13,5714.0,39449,1,1,12,0,0,0,20416.03
9.1,1.39,2.0,3,1,1,10,1,2,0,1800.33
8.1,0.13,3868.0,27900,1,1,11,0,0,0,7238.46
16.73,0.56,3203.0,26798,0,2,2,0,0,0,25231.96
0.01,0.0,2278.0,7690,1,1,5,0,3,0,23743.01
9.1,0.89,4495.0,11054,1,1,2,2,2,0,67915.7
24.5,0.16,2777.0,4162,1,1,1,1,2,0,34137.03
2.33,0.04,101.0,2111,0,1,10,0,0,0,1697.33
8.0,0.08,400.0,10000,1,1,1,2,3,0,4856.14
4.0,0.07,305.0,4000,0,1,7,0,0,0,2698.04
8.5,0.28,81.0,171,1,1,6,0,1,0,2782.94
4.67,0.16,2970.0,31680,1,1,8,0,0,0,4263.08
6.08,0.2,1072.0,103,0,1,6,0,0,0,5636.3
10.5,0.35,8113.0,60000,1,3,10,0,0,0,8217.8
1.45,0.02,3998.0,14428,1,1,11,0,0,1,12974.12
29.0,0.16,6.0,15,1,1,6,1,2,0,325.67
2.0,0.07,8.0,168,1,1,12,0,1,0,1021.34
2.9,0.05,138.0,1437,0,1,4,0,0,0,1211.48
4.22,0.14,5406.0,45608,0,0,5,0,0,0,7664.01
50.0,0.28,24.0,112,0,1,9,1,0,0,1161.0
7.72,0.13,1237.0,131607,0,2,2,0,0,1,36027.0
30.0,0.25,5734.0,22600,1,3,4,0,0,0,24624.0
2.33,0.04,264.0,4700,0,2,2,0,0,0,15322.73
2.26,0.04,5925.0,44716,0,0,7,0,0,0,13770.65
9.1,0.89,2278.0,7982,1,1,6,2,2,0,31382.03
1.52,0.03,5184.0,78460,0,1,1,0,0,0,17910.0
32.0,0.16,41.0,120,1,1,6,3,2,0,1862.27
11.0,0.37,2267.0,25000,0,2,2,0,0,0,15128.37
1.43,0.01,2769.0,4000,0,1,10,0,1,0,29216.84
21.42,0.36,257.0,2590,0,1,4,0,0,0,1211.48
9.1,0.7,45.0,200,1,1,6,2,2,0,10486.42
5.38,0.09,1237.0,19512,0,0,7,0,0,0,15608.15
10.5,0.35,2959.0,20856,1,1,11,0,0,0,4427.52
6.86,0.23,7092.0,105707,1,3,8,0,0,0,7704.77
15.08,0.06,65.0,132,1,1,3,1,1,0,633.0
10.52,0.35,1237.0,238606,0,1,12,0,0,0,24816.73
9.1,0.72,979.0,4300,1,1,0,2,2,0,8690.26
16.73,0.56,1133.0,10000,0,0,0,0,0,0,6079.27
2.44,0.08,3237.0,54768,1,3,8,0,1,0,10923.46
1.75,0.03,354.0,6200,0,1,4,0,0,0,4147.9
4.65,0.16,2100.0,20993,1,1,6,0,0,0,17568.6
9.1,0.8,1284.0,2953,1,1,4,2,2,0,23273.76
8.26,0.14,1237.0,255001,0,2,2,0,0,0,30936.1
9.5,0.16,43.0,80,1,1,10,1,1,0,260.0
8.42,0.14,1820.0,19836,1,3,8,0,0,0,698.0
8.2,0.14,759.0,8245,1,1,11,0,0,0,7261.69
5.85,0.1,7112.0,47390,0,1,7,0,0,0,3833.17
8.61,0.14,2148.0,22008,1,1,11,0,0,0,12793.94
27.0,1.35,3276.0,11500,1,1,2,1,2,0,43664.71
27.0,1.35,18.0,50,1,1,6,1,2,0,378.6
2.21,0.04,1483.0,23003,1,1,11,0,0,0,11346.48
7.35,0.24,1237.0,100000,1,1,0,0,0,0,50030.37
24.5,0.16,1992.0,2988,1,1,9,1,2,0,26266.34
14.93,0.25,2283.0,23845,1,3,8,0,0,0,3649.67
1.99,0.03,168.0,2890,0,0,5,0,0,0,4120.69
9.5,0.05,1237.0,3027,0,1,4,1,1,0,25563.0
12.42,0.41,338.0,4332,0,1,0,0,0,0,1890.76
38.36,0.11,298.0,120,1,1,9,1,0,0,2204.08
7.78,0.13,2721.0,29980,0,2,2,0,0,0,27441.22
9.1,1.0,439.0,915,1,1,6,2,2,0,11941.94
2.33,0.04,33.0,696,0,1,6,0,0,0,1002.59
6.57,0.22,542.0,6020,0,1,1,0,0,0,3935.92
8.76,0.15,3190.0,35300,0,2,2,0,0,0,11637.64
11.22,0.19,1237.0,31932,0,1,12,0,0,1,56372.66
2.1,0.01,1152.0,3000,0,0,4,0,1,0,5971.13
8.26,0.14,1237.0,212934,0,0,12,0,0,0,19248.7
27.0,1.35,38.0,140,1,1,1,1,2,0,447.73
9.1,0.29,2143.0,23,0,1,4,1,0,1,10137.04
9.1,0.89,1303.0,2744,1,1,2,2,2,0,28734.43
6.91,0.23,7540.0,88289,1,3,8,0,0,0,5460.48
11.0,0.18,1237.0,12762,0,0,12,0,0,1,55175.61
9.72,0.32,1404.0,8438,0,0,5,0,0,0,1588.05
6.07,0.2,2006.0,24042,0,0,3,0,0,0,3300.95
11.22,0.19,1237.0,105160,0,2,2,0,0,0,21326.73
6.6,0.11,21.0,228,0,1,6,0,0,0,973.48
50.4,0.16,169.0,2000,1,1,2,1,0,0,924.4
10.78,0.36,8281.0,61123,0,0,9,0,0,0,14311.0
8.55,0.14,386.0,2316,0,1,12,0,0,0,2294.85
2.1,0.01,437.0,691,1,1,11,0,1,1,1222.31
1.85,0.03,321.0,3900,1,1,4,0,1,0,3740.01
16.96,0.09,1234.0,4200,1,1,4,1,1,0,2786.22
10.25,0.17,980.0,10000,0,1,4,0,0,0,3179.0
13.52,0.45,389.0,3273,0,1,12,0,0,0,2786.61
38.36,0.11,116.0,44,1,1,12,1,0,0,985.78
13.96,0.47,1600.0,7051,0,1,12,0,0,1,8699.8
1.99,0.01,71.0,10,0,1,6,0,1,0,1334.92
32.0,0.16,248.0,750,1,1,6,3,2,0,6654.24
32.0,0.16,5.0,11,1,1,6,3,2,0,578.73
9.1,0.51,824.0,3812,1,1,11,1,0,0,3216.15
18.0,0.6,1805.0,13823,1,1,9,0,0,0,10743.33
3.24,0.11,1006.0,11517,1,1,11,0,0,0,3001.35
27.6,0.92,44.0,414,1,1,6,1,2,0,694.1
4.26,0.14,2806.0,35357,1,3,8,0,0,0,7292.27
13.0,0.22,4669.0,632,1,1,11,0,0,0,8334.77
32.0,0.16,508.0,73,1,1,6,3,2,1,3918.37
6.85,0.11,102.0,780,1,1,4,1,0,0,1743.84
11.35,0.19,1894.0,11216,0,1,12,0,0,0,13293.41
4.13,0.14,3720.0,43657,1,1,9,0,0,0,35499.58
9.1,0.16,111.0,80,1,1,5,1,2,0,1368.78
9.59,0.11,5092.0,760,0,1,5,1,0,1,8118.64
8.5,0.04,297.0,800,0,0,9,0,1,0,2282.79
32.0,0.16,508.0,41,1,1,6,3,2,1,3918.37
20.22,0.17,2518.0,11193,0,0,9,1,0,0,33986.07
25.0,0.16,6.0,10,1,1,6,1,3,0,322.12
3.4,0.06,231.0,2454,0,1,2,0,0,0,4401.4
10.28,0.17,10.0,46,1,1,10,0,1,0,893.22
20.0,0.8,2667.0,8000,1,1,3,1,2,0,17773.94
12.01,0.4,4247.0,50000,0,0,0,0,0,1,8231.95
11.75,0.39,2700.0,30000,0,2,2,0,0,0,6147.18
20.5,0.82,1281.0,3700,1,1,4,1,2,0,13222.33
10.15,0.34,2406.0,21384,1,1,11,0,0,0,4219.32
7.4,0.12,2262.0,22240,0,1,7,0,0,0,7364.52
8.15,0.14,1846.0,12488,1,1,11,0,0,0,3314.03
9.1,0.96,978.0,2400,1,1,6,2,2,0,10159.15
10.45,0.17,1237.0,30000,1,1,11,0,0,0,17392.05
32.0,0.16,4956.0,15000,1,1,6,3,2,0,36219.03
1.9,0.03,45.0,638,0,1,12,0,1,0,747.76
2.0,0.01,161.0,367,1,1,6,0,1,0,2038.97
5.5,0.09,4007.0,63200,1,1,3,0,0,0,23397.41
1.95,0.01,2987.0,8000,0,0,5,0,1,0,2779.53
2.21,0.04,1237.0,157062,0,0,9,0,0,0,12757.0
1.95,0.01,1237.0,30000,0,1,1,0,1,0,33216.14
9.1,0.61,51.0,12,1,1,11,1,0,0,4042.47
9.1,0.8,341.0,1000,1,1,2,2,2,0,2682.47
27.0,1.35,14.0,40,1,1,6,1,2,0,269.98
8.76,0.15,5334.0,61920,0,1,4,0,0,0,8815.65
6.5,0.22,1503.0,19152,1,1,11,0,0,0,11884.14
7.02,0.12,639.0,6376,0,0,0,0,0,0,889.94
8.1,0.13,8402.0,60678,1,1,12,0,0,0,28304.85
24.0,0.02,902.0,1070,1,1,6,0,4,0,5914.0
19.92,0.66,79.0,720,0,1,12,0,0,0,2305.65
2.33,0.04,2238.0,20000,0,2,2,0,0,0,17090.0
18.9,0.16,3814.0,15826,0,2,2,1,0,0,29674.92
16.0,0.18,128.0,1064,0,1,0,0,1,0,944.21
9.1,0.16,72.0,30,1,1,10,1,2,0,2556.61
2.93,0.01,907.0,2468,1,1,9,0,1,0,650.81
5.58,0.09,6904.0,33650,0,0,5,0,0,0,5816.46
29.0,0.16,972.0,3401,1,1,2,1,2,0,10191.28
24.76,0.21,3264.0,3524,0,0,4,0,0,0,14368.65
19.92,0.66,329.0,3000,0,2,2,0,0,0,9736.1
18.64,0.16,21.0,100,0,1,6,1,0,0,632.63
5.5,0.18,372.0,4000,0,0,4,0,0,0,2333.91
1.55,0.03,58.0,858,0,0,2,0,0,0,7363.73
3.6,0.06,849.0,13660,0,2,2,0,1,0,1871.34
9.5,0.16,80.0,1350,0,1,12,0,0,0,739.0
6.65,0.22,7105.0,76097,1,3,8,0,0,0,6121.41
9.1,1.0,1623.0,4000,1,1,10,2,2,0,15230.88
9.1,0.72,324.0,1000,1,1,7,2,2,0,3791.81
11.4,0.19,7663.0,60840,0,1,2,0,0,0,33279.39
6.85,0.11,43.0,110,1,1,9,1,0,0,1046.02
2.1,0.01,1587.0,4000,0,1,10,0,1,0,16163.28
3.91,0.13,816.0,13373,0,1,12,0,0,0,7964.24
22.5,0.75,1320.0,3912,1,1,9,1,2,0,15022.74
36.0,0.3,24.0,111,1,1,12,1,0,0,330.0
11.23,0.19,4919.0,6750,0,0,4,0,0,0,17647.73
17.0,0.57,265.0,4000,0,1,9,1,0,0,11931.0
1.92,0.01,46.0,127,0,1,12,0,1,0,740.34
9.1,0.8,1184.0,2730,1,1,0,2,2,0,17657.02
8.52,0.14,105.0,1926,0,1,4,0,0,0,977.55
4.7,0.16,833.0,6377,0,0,4,0,0,0,4730.18
2.44,0.04,327.0,6385,0,1,9,0,0,0,1762.5
41.1,0.34,3073.0,12560,1,1,3,1,0,0,12815.42
9.1,0.72,1183.0,2450,1,1,7,2,2,0,21170.3
20.0,0.8,3335.0,10000,1,1,3,1,2,0,23650.43
5.36,0.18,5897.0,25000,0,1,2,0,0,0,18461.22
4.5,0.04,76.0,670,1,1,4,0,1,0,1921.02
26.09,0.43,3.0,46,1,1,12,0,1,0,986.79
10.02,0.04,1237.0,60000,1,1,8,1,1,0,27372.24
9.1,0.8,1428.0,3000,1,1,0,2,2,0,25760.94
3.5,0.12,953.0,2800,1,1,11,0,0,0,1593.67
9.1,0.72,296.0,1000,1,1,5,2,2,0,2648.82
9.1,0.8,2634.0,6500,1,1,4,2,2,0,30778.29
3.21,0.05,242.0,2180,1,1,11,0,0,0,5881.57
7.72,0.13,7666.0,52378,0,2,2,0,0,0,16532.5
4.67,0.16,3240.0,34560,1,1,8,0,0,0,4263.07
10.15,0.34,2510.0,22232,1,1,11,0,0,0,4363.06
41.1,0.34,222.0,1110,0,1,4,1,0,0,1603.0
3.6,0.06,1237.0,204713,1,3,7,0,1,0,22059.25
3.6,0.06,558.0,10000,0,1,9,0,1,0,3989.81
4.61,0.15,1237.0,4,0,2,2,0,0,0,69737.0
32.0,0.16,1024.0,3140,1,1,6,3,2,0,10304.62
11.22,0.19,6949.0,48821,0,2,2,0,0,0,27441.22
9.72,0.32,434.0,5010,0,1,4,0,0,0,1854.88
17.0,0.57,9006.0,3318,0,1,5,1,0,1,9869.55
14.63,0.24,1677.0,15000,0,0,0,0,0,0,8510.81
1.86,0.01,1928.0,4000,0,1,4,0,1,0,8050.55
26.25,0.88,58.0,656,0,1,12,1,0,0,794.22
11.0,0.18,1237.0,71568,0,0,12,0,0,0,55175.61
6.47,0.22,7991.0,112595,1,3,8,0,0,0,9972.68
7.12,0.12,5597.0,76000,0,0,5,0,0,0,1799.88
30.82,0.1,56.0,30,1,1,6,1,1,0,460.9
2.25,0.04,1863.0,18216,1,1,12,0,0,0,6757.18
1.45,0.02,1516.0,21000,1,1,11,0,0,0,11915.51
16.0,0.18,26.0,210,0,1,10,0,1,0,997.46
13.52,0.45,55.0,611,0,0,4,0,0,0,1335.15
23.0,0.16,5057.0,6998,1,1,1,1,2,0,44347.71
13.15,0.22,67.0,629,0,1,9,0,0,0,1618.12
2.26,0.04,2520.0,40869,0,0,7,0,0,0,15000.0
2.21,0.04,1878.0,30666,0,0,9,0,0,0,11085.83
27.0,1.35,1445.0,3982,1,1,1,1,2,0,7303.25
32.0,0.16,15.0,43,1,1,1,3,2,0,406.68
5.38,0.09,1237.0,51722,0,0,7,0,0,0,16064.09
2.06,0.01,1237.0,50000,1,3,8,0,1,0,22647.81
20.0,0.67,2402.0,18000,1,1,9,0,0,0,1832.54
4.7,0.16,3749.0,40534,0,0,7,0,0,0,9708.48
20.5,0.68,1237.0,1461,1,1,4,0,0,0,1664.12
32.0,0.16,500.0,1400,1,1,6,3,2,0,5061.46
1.4,0.02,32.0,672,1,1,11,0,0,0,1701.1
4.13,0.14,2957.0,30000,1,1,11,0,0,0,14589.33
9.1,0.2,52.0,20,1,1,6,1,1,0,1152.9
1.4,0.02,230.0,3850,0,1,10,0,0,0,2936.8
2.35,0.04,1403.0,29847,1,1,11,0,0,0,6475.64
8.13,0.14,4190.0,33022,1,1,3,0,0,0,16066.92
3.75,0.06,1920.0,20000,0,1,7,0,1,0,5055.8
4.51,0.15,5623.0,64260,1,3,8,0,0,0,630.5
2.33,0.04,2.0,43,0,1,6,0,0,0,91.42
9.1,1.39,78.0,110,1,1,10,1,2,0,1953.6
16.5,0.55,752.0,1883,0,1,9,1,2,0,4436.76
15.5,0.26,395.0,1907,0,1,4,0,1,0,1042.58
5.94,0.1,1485.0,8800,1,1,6,0,1,0,10334.23
9.1,0.8,1259.0,3038,1,1,0,2,2,0,19517.12
3.67,0.06,152.0,1629,0,1,7,0,0,0,912.45
7.2,0.12,6883.0,92950,0,1,5,0,0,0,7534.18
12.96,0.43,6342.0,53787,0,0,0,0,0,0,42040.3
8.11,0.14,1851.0,15862,0,0,9,0,0,0,5445.73
14.1,0.47,175.0,1244,1,1,6,0,0,0,5864.56
4.62,0.15,4539.0,45632,1,1,6,0,0,0,22271.36
8.26,0.14,8750.0,60000,0,0,4,0,0,0,28864.27
2.47,0.04,9019.0,185954,1,3,8,0,0,0,13677.68
8.97,0.15,1237.0,182729,0,0,5,0,0,0,7733.77
16.97,0.09,1554.0,4077,0,1,4,1,1,0,4963.0
10.68,0.18,8169.0,85158,0,1,0,0,0,0,33572.78
9.1,1.0,2557.0,6302,1,1,10,2,2,0,21256.43
32.0,0.16,63.0,179,1,1,6,3,2,0,2147.11
1.95,0.01,1237.0,24496,0,0,5,0,1,0,6483.81
41.1,0.14,88.0,746,0,1,0,1,1,0,1566.21
10.0,0.33,168.0,2000,0,1,12,0,0,0,1905.63
7.21,0.12,586.0,10776,0,0,0,0,0,0,8045.76
2.18,0.04,4355.0,1400,0,0,5,0,0,0,3644.18
1.46,0.02,47.0,735,0,1,5,0,0,0,955.36
32.0,0.16,500.0,500,1,1,6,3,2,0,2442.32
9.1,0.8,1036.0,6636,1,1,6,2,2,0,11163.27
8.55,0.14,1237.0,120000,0,0,0,0,0,0,12049.4
9.36,0.31,6683.0,82981,1,3,9,0,0,0,14760.6
8.76,0.15,4176.0,34769,0,1,10,0,0,0,1005.2
1.92,0.01,581.0,1547,0,1,4,0,1,0,1234.9
7.0,0.12,7515.0,75000,0,2,2,0,0,0,14547.55
2.2,0.04,1237.0,158000,1,2,7,0,0,0,68350.52
7.33,0.12,3534.0,70030,1,3,8,0,0,0,17919.41
24.0,0.8,3997.0,11990,1,1,3,1,2,0,28620.81
1.45,0.02,432.0,9275,1,1,11,0,0,0,7444.35
4.64,0.15,1447.0,5000,0,2,2,0,0,0,28812.57
11.22,0.19,1237.0,75000,0,0,4,0,0,0,22878.26
2.26,0.04,1237.0,33571,0,2,2,0,0,0,37242.5
2.9,0.05,26.0,500,0,1,12,0,0,0,1096.71
11.15,0.19,2011.0,16300,1,1,11,0,0,0,11648.31
1.75,0.03,15.0,253,0,1,2,0,0,0,460.0
11.22,0.19,1237.0,100000,0,0,12,0,0,0,78442.21
11.0,0.18,1414.0,5525,0,0,12,0,0,0,4054.19
8.76,0.15,4660.0,54096,0,2,2,0,0,0,9736.1
2.0,0.07,3584.0,50000,0,1,5,0,0,0,8405.91
32.0,0.16,508.0,70,1,1,6,3,2,0,3918.37
11.49,0.38,701.0,6200,1,3,6,0,0,0,3548.81
3.24,0.11,2471.0,21203,1,3,10,0,0,0,4532.44
25.45,0.42,936.0,9243,0,0,3,0,0,0,2233.61
30.82,0.26,7025.0,28000,1,1,4,1,0,0,46002.44
9.35,0.16,262.0,2780,0,1,2,0,0,0,2426.8
10.68,0.18,2846.0,229,0,1,2,0,0,1,13873.0
10.19,0.34,613.0,8400,1,1,11,0,0,0,3247.73
1.86,0.01,5343.0,26200,0,0,5,0,1,0,12803.35
2.47,0.04,8048.0,164908,1,3,8,0,0,0,12225.76
9.1,0.16,25.0,33,1,1,6,1,2,0,238.56
9.1,0.72,16.0,70,1,1,4,2,2,0,515.48
9.5,0.16,1008.0,9476,0,1,3,0,0,0,4207.4
2.42,0.04,1499.0,26432,0,0,12,0,0,0,10915.97
11.8,0.2,1435.0,11188,0,1,1,0,0,0,9138.0
19.32,0.16,166.0,646,1,1,10,1,0,0,737.11
6.2,0.03,2846.0,1622,0,1,2,0,1,1,13873.0
6.86,0.23,5624.0,82500,1,3,8,0,0,0,7378.63
1.9,0.01,1208.0,3500,0,1,4,0,1,0,4329.01
10.68,0.18,2630.0,28512,0,1,3,0,0,0,13820.4
20.0,0.8,3336.0,10000,1,1,3,1,2,0,28837.28
6.52,0.11,6237.0,75535,0,0,5,0,0,0,5443.53
20.0,0.8,3334.0,10000,1,1,3,1,2,0,45032.55
9.1,0.8,2384.0,5000,1,1,5,2,2,0,43848.04
2.3,0.04,21.0,298,1,1,10,0,1,0,304.62
8.26,0.14,318.0,28168,0,0,5,0,0,0,6025.73
2.21,0.04,3360.0,54470,0,0,0,0,0,0,9527.17
5.73,0.1,668.0,9200,0,1,1,0,0,0,2633.57
8.23,0.27,656.0,7441,0,0,12,0,0,0,4376.56
27.0,1.35,1.0,5,1,1,6,1,2,0,283.21
2.38,0.04,780.0,15000,1,1,1,0,0,0,2949.1
9.1,0.61,254.0,1000,1,1,11,1,0,0,7828.28
41.1,0.14,83.0,630,0,1,0,1,1,0,4522.03
9.1,0.29,1736.0,252,0,1,4,1,0,0,14182.54
35.5,0.59,239.0,5000,0,1,0,0,0,0,1684.15
55.5,0.92,11.0,120,1,1,10,1,0,0,260.0
16.0,0.18,72.0,604,0,1,0,0,1,0,723.59
9.5,0.16,8343.0,58086,0,1,3,0,0,0,9001.03
15.26,0.17,1237.0,680,0,0,0,0,1,1,17384.76
32.4,0.36,45.0,409,0,1,5,1,1,0,348.09
41.1,0.34,50.0,220,0,1,12,1,0,0,1359.4
2.1,0.01,5511.0,14668,0,1,12,0,1,0,7876.44
7.5,0.12,992.0,9000,0,1,4,0,0,0,3205.0
4.64,0.15,1237.0,73467,0,0,9,0,0,0,26620.36
8.58,0.14,1749.0,12000,0,2,2,0,0,0,20225.07
1.95,0.03,1237.0,12080,0,0,7,0,1,0,12867.46
9.1,0.89,2050.0,8276,1,1,6,2,2,0,23226.6
2.33,0.04,1237.0,32920,0,0,0,0,0,0,16868.38
7.72,0.13,1237.0,4000,0,2,2,0,0,0,36027.0
2.26,0.04,394.0,6398,0,2,2,0,1,0,26340.0
1.56,0.05,2773.0,38584,1,1,6,0,1,0,21807.62
3.8,0.06,56.0,1060,0,1,4,0,0,0,1211.48
16.96,0.09,1006.0,3355,1,1,4,1,1,0,2530.73
4.82,0.16,159.0,2832,0,0,4,0,0,0,1984.83
1.93,0.01,1840.0,5110,0,1,10,0,1,0,14866.14
2.3,0.04,1221.0,9312,0,0,3,0,1,0,4847.8
9.1,0.68,1232.0,4951,1,1,11,1,0,0,8108.91
1.4,0.02,176.0,2070,0,1,4,0,0,0,1653.99
6.75,0.22,314.0,3696,1,1,11,0,0,0,4885.33
9.81,0.16,1237.0,72107,0,1,12,0,0,0,81100.77
11.22,0.19,1237.0,100000,0,2,2,0,0,1,43548.0
44.5,0.74,2143.0,3300,0,1,4,1,0,0,10137.04
7.82,0.26,2649.0,38890,1,1,8,0,0,0,3908.55
32.0,0.16,236.0,700,1,1,6,3,2,0,6862.01
3.95,0.02,193.0,650,0,1,5,0,1,0,478.51
8.17,0.09,3313.0,25000,1,3,8,0,1,0,4689.6
5.5,0.18,231.0,2816,0,1,6,0,0,0,1474.9
4.75,0.16,30.0,336,0,2,2,0,0,0,9736.1
15.0,0.25,1237.0,2296,0,1,4,0,1,0,17941.46
16.75,0.56,9006.0,25913,0,1,5,0,0,1,9869.55
2.43,0.04,5359.0,9023,1,1,11,0,0,0,18473.57
3.4,0.06,632.0,4000,0,0,7,0,0,0,3302.14
33.6,0.28,3685.0,14498,1,1,1,0,0,0,16359.2
5.5,0.18,1122.0,2160,0,0,4,0,0,0,6009.47
11.4,0.19,2847.0,25281,0,2,2,0,0,0,9341.49
5.0,0.16,41.0,215,1,1,5,2,3,0,1001.02
7.27,0.12,1283.0,487,0,1,6,0,0,1,12862.56
2.33,0.04,4.0,67,0,1,6,0,0,0,491.42
3.33,0.11,4392.0,72300,0,0,4,0,0,0,18607.76
13.49,0.45,1960.0,19356,0,2,2,0,0,0,7009.0
1.8,0.03,216.0,3600,1,1,10,0,0,0,2612.79
9.5,0.16,833.0,4245,1,1,4,1,1,0,1134.5
4.22,0.14,7682.0,72029,0,1,6,0,0,0,28541.79
2.33,0.04,3144.0,57984,0,0,0,0,0,0,7317.47
9.1,0.98,8.0,33,1,1,10,2,2,0,1011.6
1.75,0.03,4668.0,1080,0,1,4,0,0,0,8787.28
8.58,0.14,1237.0,100000,0,2,2,0,0,0,49199.75
2.72,0.05,583.0,5360,1,3,8,0,0,0,5824.11
3.33,0.11,336.0,4032,0,1,6,0,0,0,4385.44
8.04,0.13,424.0,4250,1,1,12,0,1,0,1488.99
32.0,0.16,2328.0,8000,1,1,0,3,2,0,14581.51
16.0,0.18,236.0,2066,0,1,0,0,1,0,1448.2
3.0,0.01,4382.0,11628,1,1,8,0,1,0,2154.52
2.1,0.01,1237.0,1951,0,1,10,0,1,1,161712.87
3.9,0.06,2353.0,32017,0,1,0,0,0,0,3210.18
3.33,0.11,4122.0,43563,0,1,5,0,0,0,28602.94
1.25,0.04,1486.0,2894,1,1,10,0,1,0,12749.39
32.0,0.16,88.0,286,1,1,5,3,2,0,1088.93
9.1,0.8,1948.0,4484,1,1,6,2,2,0,21689.39
5.5,0.18,841.0,80,0,0,3,0,0,0,3549.9
19.92,0.66,83.0,68235,0,0,3,0,0,0,2094.34
15.5,0.26,842.0,3968,0,1,4,0,1,0,8815.65
8.11,0.14,2751.0,24765,0,0,4,0,0,0,11438.93
32.0,0.16,149.0,427,1,1,5,3,2,0,3165.69
33.7,0.28,4113.0,16695,1,1,4,1,0,0,30130.82
6.85,0.11,103.0,579,1,1,12,1,0,0,1393.29
24.5,0.16,1383.0,2072,1,1,9,1,2,0,18323.97
32.0,0.16,844.0,2500,1,1,1,3,2,0,8101.57
8.15,0.14,182.0,3180,0,0,7,0,0,0,1593.48
15.04,0.25,257.0,2548,0,0,0,0,0,0,361.73
26.25,0.88,1237.0,100000,0,0,0,1,0,0,11519.94
32.0,0.16,296.0,873,1,1,9,3,2,0,6318.92
1.52,0.03,1154.0,4725,0,1,10,0,0,0,12508.65
9.1,0.72,340.0,1500,1,1,9,2,2,0,9479.89
5.44,0.09,1228.0,7130,0,0,0,0,0,1,1765.18
8.52,0.14,230.0,4374,0,1,4,0,0,0,1432.0
4.62,0.15,2631.0,24672,1,1,6,0,0,0,12463.74
22.5,0.75,22.0,170,1,1,12,0,0,0,1051.5
4.0,0.07,122.0,2085,0,2,2,0,1,0,30936.1
29.68,0.25,2078.0,8517,0,0,12,0,0,0,15761.76
21.78,0.18,2293.0,8599,0,0,7,0,0,0,4529.67
4.45,0.15,4729.0,15331,0,1,3,0,0,0,18390.42
4.3,0.14,5101.0,63421,1,1,11,0,0,0,13241.08
9.1,0.8,1368.0,2870,1,1,0,2,2,0,25037.09
9.1,0.8,1010.0,2500,1,1,12,2,2,0,8399.6
15.04,0.25,3898.0,27452,0,0,0,0,0,0,11292.05
7.27,0.12,1237.0,22790,0,2,2,0,0,0,29780.5
6.65,0.22,1237.0,146670,1,3,8,0,0,0,15213.22
6.38,0.21,8850.0,100000,0,2,2,0,0,0,29780.5
3.25,0.11,622.0,7245,1,1,11,0,0,0,1226.11
35.8,0.6,3139.0,8905,0,1,0,0,0,0,13094.69
15.26,0.17,133.0,1093,0,1,0,0,1,0,1759.21
20.22,0.17,395.0,1634,0,1,6,1,0,1,1303.0
27.0,1.35,2278.0,7500,1,1,2,1,2,0,15893.71
1.84,0.03,568.0,13570,1,1,11,0,0,0,1646.5
32.0,0.16,1674.0,5673,1,1,5,3,2,0,10780.63
20.04,0.17,53.0,200,0,1,6,0,0,0,1621.53
23.0,0.16,754.0,1044,1,1,1,1,2,0,6267.38
5.94,0.1,668.0,5273,1,1,3,0,1,0,4835.39
26.25,0.88,2363.0,27314,0,2,2,1,0,0,7329.83
12.49,0.42,1237.0,163929,1,3,3,0,0,0,20312.64
2.26,0.04,394.0,23090,0,0,7,0,0,0,11133.66
9.1,0.16,48.0,20,1,1,6,1,2,0,684.42
9.3,0.1,395.0,71,0,1,6,0,1,0,1303.0
10.29,0.17,1237.0,100000,0,1,4,0,0,0,23994.1
1.55,0.03,127.0,948,0,1,2,0,0,0,4984.4
11.22,0.19,1237.0,154667,0,2,2,0,0,0,12601.06
2.33,0.04,579.0,6580,0,1,0,0,0,0,4658.75
9.1,0.72,327.0,1436,1,1,6,2,2,0,6687.51
11.22,0.19,1972.0,15000,0,2,2,0,0,0,6147.18
17.0,0.57,37.0,591,0,1,1,1,0,0,504.0
12.01,0.4,379.0,5000,0,1,3,0,0,0,1188.97
6.45,0.22,320.0,4500,1,1,11,0,0,0,4890.38
44.5,0.74,1237.0,1873,0,1,4,1,0,1,25563.0
8.64,0.1,126.0,993,0,1,9,0,1,0,1675.0
12.96,0.22,3090.0,2548,0,0,0,0,0,0,11188.53
1.99,0.03,199.0,2550,1,3,10,0,1,0,5215.49
9.1,0.3,85.0,168,0,1,5,1,0,0,1139.5
2.42,0.04,1285.0,22783,0,0,12,0,0,0,6265.36
23.67,0.79,117.0,2597,1,1,3,1,0,0,645.1
1.9,0.03,26.0,408,1,1,10,0,1,0,304.63
2.0,0.07,8.0,56,1,1,12,0,1,1,1021.34
9.1,0.68,334.0,1324,1,1,6,1,0,0,2171.57
15.89,0.26,749.0,151,1,1,11,0,0,0,7488.39
2.9,0.05,157.0,1600,0,0,12,0,0,0,1601.5
7.82,0.26,76.0,1110,1,1,8,0,0,0,916.22
9.5,0.16,40.0,182,1,1,9,1,1,0,86.4
7.02,0.12,1072.0,2197,0,1,6,0,0,1,5636.3
9.1,0.72,1360.0,2807,1,1,0,2,2,0,20067.34
9.1,0.61,54.0,200,1,1,11,1,0,0,13981.96
7.72,0.13,1237.0,183995,0,2,2,0,0,1,51645.79
2.18,0.04,6304.0,100000,1,1,0,0,0,0,34182.97
13.96,0.47,467.0,5009,0,1,12,0,0,0,6637.16
30.82,0.1,492.0,480,1,1,6,1,1,0,4281.43
15.74,0.26,10.0,100,1,1,11,0,0,0,3896.68
11.35,0.19,4814.0,42750,0,1,4,0,0,0,7100.04
2.26,0.04,76.0,1731,0,0,12,0,1,0,936.81
30.82,0.1,253.0,255,1,1,9,1,1,0,2455.7
3.33,0.11,1750.0,17037,0,1,5,0,0,0,9758.5
9.1,0.61,55.0,18,1,1,11,1,0,0,3785.84
4.75,0.16,1325.0,17550,0,1,12,0,0,0,4600.45
50.0,0.28,7341.0,840,0,1,5,1,0,1,10879.28
32.0,0.16,242.0,750,1,1,12,3,2,0,1899.22
4.84,0.05,675.0,2604,0,1,4,0,1,0,1702.91
1.99,0.03,1237.0,1980,0,1,10,0,0,1,161712.87
1.92,0.01,1348.0,2917,0,1,4,0,1,0,5233.52
41.1,0.34,52.0,240,0,1,10,1,0,0,1422.32
2.91,0.05,572.0,11352,0,1,3,0,0,0,4152.56
7.5,0.12,7185.0,40411,0,1,4,0,0,0,17587.0
4.62,0.15,4584.0,42192,1,2,7,0,0,0,25682.65
2.18,0.04,7183.0,74896,0,1,12,0,0,0,41735.0
7.2,0.12,1237.0,125000,0,1,5,0,0,0,3671.92
1.86,0.01,1412.0,2216,0,0,9,0,1,0,4609.68
9.1,0.72,67.0,507,1,1,6,2,2,0,4400.85
2.12,0.01,1237.0,27910,1,3,8,0,1,0,3961.7
3.78,0.13,64.0,800,0,0,5,0,0,0,166.96
